input,output
D4-57420-256|B3-57740-128|D4-57740-128|C#4-57900-256|A3-57900-256|C#4-58220-128|A3-58220-128|C#4-58380-128|E4-58540-128|C#4-58700-128,D4-58860-128|F#4-59020-128|D4-59180-128|E4-59340-128|G4-59500-128|E4-59660-128|F#4-59820-128|A4-59980-128|F#4-60140-128|G4-60300-128|B4-60460-128|G4-60620-128|F#4-60780-128|A4-60940-128|F#4-61100-128|E4-61260-128|G4-61420-128|E4-61580-128|D4-61740-128|F#4-61900-128|D4-62060-128|B3-62220-256|G#3-62220-256|B3-62540-128|G#3-62540-128|C#4-62700-256|A3-62700-256|C#4-63020-128|A3-63020-128|D4-63180-256|B3-63180-256|D4-63500-128|B3-63500-128|E4-63660-256|C#4-63660-256|E4-63980-128|C#4-63980-128|F#4-64140-256|D4-64140-256|F#4-64460-128|D4-64460-128|E4-64620-256|C#4-64620-256|E4-64940-128|C#4-64940-128|D4-65100-256|B3-65100-256|D4-65420-128|B3-65420-128|D4-65580-256|B3-65580-256|G#3-65900-128|F#4-66060-256|D#4-66060-256|F#4-66380-128|D#4-66380-128|G#4-66540-256|E4-66540-256|G#4-66860-128|E4-66860-128|A4-67020-176|F#4-67020-176|A4-67260-128|F#4-67260-128|G#4-67420-256|E4-67420-256|G#4-67740-128|E4-67740-128|E4-67900-256|C#4-67900-256|E4-68220-128|C#4-68220-128|F#4-68380-256|D#4-68380-256|F#4-68700-128|D#4-68700-128|G4-68860-176|E4-68860-176|G4-69100-128|E4-69100-128|F#4-69260-256|D#4-69260-256|F#4-69580-128|D#4-69580-128|B3-69740-256|G#3-69740-256|B3-70060-128|G#3-70060-128|C#4-70220-256|A3-70220-256|C#4-70540-128|A3-70540-128|D4-70700-256|B3-70700-256|D4-71020-128|B3-71020-128|E4-71180-140|C#4-71180-140|F#5-71980-128|B4-71980-128
G#5-74540-140|E5-74540-140|G5-75500-128|E5-75500-128|G5-75660-128|E5-75660-128|G5-75820-128|E5-75820-128|G5-75980-128|E5-75980-128|C#5-76140-128|B4-76300-128|E5-76460-140|G5-76460-140|G#5-77420-128|E5-77420-128|G#5-77580-128|E5-77580-128|G#5-77740-128|E5-77740-128|G#5-77900-128|E5-77900-128|G#5-78060-128|C#5-78060-128|B4-78220-128|G#5-78380-128|E5-78380-128|G#5-78540-128|E5-78540-128|G#5-78700-128|E5-78700-128|G#5-78860-128,E5-78860-128|G#5-79020-128|C#5-79020-128|B4-79180-128|G#5-79340-128|E5-79340-128|G#5-79500-128|E5-79500-128|G#5-79660-128|E5-79660-128|G#5-79820-128|E5-79820-128|G#5-79980-128|E5-79980-128|G#5-80140-128|E5-80140-128|B5-80300-128|F#5-80300-128|D5-80300-128|B5-80460-128|F#5-80460-128|D5-80460-128|B5-80620-128|F#5-80620-128|D5-80620-128|B5-80780-300|G6-81260-176|F#6-81500-384|E6-81980-384|C#6-82460-768|B5-83420-128|A5-83580-256|G5-83900-128|E5-84060-140|E5-84540-128|G5-84700-128|A5-84860-128|B5-85020-128|C#6-85180-128|E6-85340-128|F#6-85500-128|E6-85660-128|F#6-85820-128|E6-85980-128|F#6-86140-128|E6-86300-128|G6-86460-160|E6-86624-256|D6-86944-160|B5-87108-512|B4-87748-128|C#5-87908-128|D5-88068-128|D#5-88228-128|B5-88388-128|D#5-88548-128|D5-88708-128|A#5-88868-128|D5-89028-128|C#5-89188-384|A4-89668-128|B4-89828-128|C5-89988-128|C#5-90148-128|A5-90308-128|C#5-90468-128|C5-90628-128|G#5-90788-128|C5-90948-128|B4-91108-384|G5-91588-300|E5-91588-300|D5-92388-384|B4-92868-128|D5-93028-384|C#5-93508-256|A4-93508-256|C5-93828-140|A4-93828-140|F#5-94308-384|B4-94308-384|A4-94308-384|D#4-94308-384|B3-94308-384|F#5-94788-128|B4-94788-128|A4-94788-128|D#4-94788-128|B3-94788-128|B3-94948-142|D#4-94948-142|A4-94948-142|B4-94948-142|F#5-94948-155|G#5-95908-128|E5-96068-128|C#5-96228-128|G#5-96388-128|E5-96548-128|C#5-96708-128
A3-51260-256|C#4-51580-128|A3-51580-128|D4-51740-256|B3-51740-256|D4-52060-128|B3-52060-128|C#4-52220-256|A3-52220-256|C#4-52540-128|A3-52540-128,E4-52700-256|C#4-52700-256|E4-53020-128|C#4-53020-128|F#4-53180-256|D4-53180-256|F#4-53500-128|D4-53500-128|G4-53660-176|E4-53660-176|G4-53900-128|E4-53900-128|F#4-54060-256|D4-54060-256|F#4-54380-128|D4-54380-128|B3-54540-256|G#3-54540-256|B3-54860-128|G#3-54860-128|C#4-55020-256|A3-55020-256|C#4-55340-128|A3-55340-128|D4-55500-256|B3-55500-256|D4-55820-128|B3-55820-128|E4-55980-256|C#4-55980-256|E4-56300-128|C#4-56300-128|F#4-56460-256|D4-56460-256|F#4-56780-128|D4-56780-128|E4-56940-256|C#4-56940-256|E4-57260-128|C#4-57260-128|B3-57420-256|D4-57420-256|B3-57740-128|D4-57740-128|C#4-57900-256|A3-57900-256|C#4-58220-128|A3-58220-128|C#4-58380-128|E4-58540-128|C#4-58700-128|D4-58860-128|F#4-59020-128|D4-59180-128|E4-59340-128|G4-59500-128|E4-59660-128|F#4-59820-128|A4-59980-128|F#4-60140-128|G4-60300-128|B4-60460-128|G4-60620-128|F#4-60780-128|A4-60940-128|F#4-61100-128|E4-61260-128|G4-61420-128|E4-61580-128|D4-61740-128|F#4-61900-128|D4-62060-128|B3-62220-256|G#3-62220-256|B3-62540-128|G#3-62540-128|C#4-62700-256|A3-62700-256|C#4-63020-128|A3-63020-128|D4-63180-256|B3-63180-256|D4-63500-128|B3-63500-128|E4-63660-256|C#4-63660-256|E4-63980-128|C#4-63980-128|F#4-64140-256|D4-64140-256|F#4-64460-128|D4-64460-128|E4-64620-256|C#4-64620-256|E4-64940-128|C#4-64940-128|D4-65100-256|B3-65100-256|D4-65420-128|B3-65420-128
G#4-115840-300|F#5-116620-128|B4-116620-128|A4-116620-128|D#4-116620-128|B3-116620-128|F#5-116780-256|B4-116780-256|A4-116780-256|D#4-116780-256|B3-116780-256,F#5-117100-128|B4-117100-128|A4-117100-128|D#4-117100-128|B3-117100-128|F#5-117260-256|B4-117260-256|A4-117260-256|D#4-117260-256|B3-117260-256|F#5-117580-128|B4-117580-128|A4-117580-128|D#4-117580-128|B3-117580-128|B3-117740-116|D#4-117740-116|A4-117740-116|B4-117740-116|F#5-117740-140|E4-118040-256|B3-118040-256|E4-118360-128|A4-118520-80|E5-118604-128|D5-118764-128|B4-118924-128|E5-119084-128|D5-119244-128|B4-119404-128|E5-119564-128|G#4-119564-128|A3-119724-256|E4-119724-256|A3-120044-128|D4-120204-80|A4-120288-128|G4-120448-128|E4-120608-128|A4-120768-128|G4-120928-128|E4-121088-128|C#4-121248-128|E4-121408-256|B3-121408-256|E4-121728-128|A4-121888-80|E5-121972-128|D5-122132-128|B4-122292-128|E5-122452-128|D5-122612-128|B4-122772-128|G#4-122932-128|E4-123092-256|B3-123092-256|E4-123412-128|A4-123572-80|E5-123656-128|D5-123816-128|B4-123976-128|E5-124136-128|D5-124296-128|B4-124456-128|G#4-124616-128|E4-124776-256|A3-124776-256|A3-125096-128|D4-125256-80|A4-125340-128|G4-125500-128|A4-125660-128|A4-125820-128|G4-125980-128|E4-126140-128|C#4-126300-128|E4-126460-256|A3-126460-256|A3-126780-128|D4-126940-80|A4-127024-128|G4-127184-256|G4-127504-128|A4-127664-128|G4-127824-128|A4-127984-128|E4-128144-256|B3-128144-256|E4-128464-128|A4-128624-80|E5-128708-128|D5-128868-128|B4-129028-128|E5-129188-128|D5-129348-128|B4-129508-128|G#4-129668-128|E4-129828-256|B3-129828-256|E4-130148-128
D#5-20852-128|D5-21012-128|A#5-21172-128|D5-21332-128|C#5-21492-384|A4-21972-128|B4-22132-128|C5-22292-128|C#5-22452-128|A5-22612-128|C#5-22772-128|C5-22932-128|G#5-23092-128|C5-23252-128|B4-23412-256|G5-23732-128|E5-23892-128|D5-24052-128|B4-24212-128|E5-24372-128|B4-24372-128|E5-24532-128|B4-24532-128,E5-24692-128|B4-24692-128|D5-24852-128|B4-24852-128|D5-25012-128|B4-25012-128|D5-25172-128|B4-25172-128|C#5-25332-128|A4-25332-128|C#5-25492-128|A4-25492-128|C#5-25652-128|A4-25652-128|C5-25812-140|G#4-25812-140|F#5-26612-128|B4-26612-128|A4-26612-128|D#4-26612-128|B3-26612-128|F#5-26772-256|B4-26772-256|A4-26772-256|D#4-26772-256|B3-26772-256|F#5-27092-128|B4-27092-128|A4-27092-128|D#4-27092-128|B3-27092-128|F#5-27252-256|B4-27252-256|A4-27252-256|D#4-27252-256|B3-27252-256|F#5-27572-128|B4-27572-128|A4-27572-128|D#4-27572-128|B3-27572-128|F#5-27732-140|B4-27732-140|A4-27732-140|D#4-27732-140|B3-27732-140|B5-28212-128|G#5-28212-128|B5-28372-128|G#5-28372-128|B5-28532-128|G#5-28532-128|G#5-28692-128|C#6-28692-128|G#5-28852-128|C#6-28852-128|G#5-29012-128|C#6-29012-128|G#5-29172-128|B5-29172-128|G#5-29332-128|B5-29332-128|G#5-29492-128|B5-29492-128|G#5-29652-128|C#6-29652-128|G#5-29812-128|C#6-29812-128|G#5-29972-128|C#6-29972-128|G5-30132-128|B5-30132-128|G5-30292-128|B5-30292-128|G5-30452-128|B5-30452-128|G5-30612-128|C#6-30612-128|G5-30772-128|C#6-30772-128|G5-30932-128|C#6-30932-128|G5-31092-128|B5-31092-128|G5-31252-128|B5-31252-128|G5-31412-128|B5-31412-128|G5-31572-256|C#6-31572-256|G5-31892-128|B5-31892-128|B5-32052-256|G#5-32052-256|G#5-32372-128|E5-32372-128|G#5-32532-256|E5-32532-256|G#5-32852-4|E5-32852-4
E5-27348-1428|B3-28796-1872|B4-29272-1424|F#4-29284-1412|F#3-30224-472|E4-30720-1896|B4-31188-1428|E5-31188-1428|A3-32640-1896|A4-33136-480|E4-33148-488|A4-34064-472|E4-34076-460|E4-34568-1892|B4-35032-876,E5-35032-900|B3-35532-2324|E5-35984-856|B4-35996-864|E4-36504-1828|E5-36948-1428|B4-36956-1420|B3-37888-488|A3-38408-1892|E4-38872-876|A4-38872-900|E3-39372-2324|A4-39824-856|E4-39836-864|A3-40344-1828|A4-40788-1428|E4-40796-1420|E3-41728-488|E4-42240-1972|E5-42736-480|B4-42748-488|E5-43664-516|B4-43676-504|E5-44604-528|B4-44604-540|E5-45580-476|B4-45592-464|B3-46080-1896|F#4-46548-1428|B4-46548-1428|A3-47992-1904|A4-48456-900|E4-48468-876|E3-48996-900|A4-49420-476|E4-49428-468|E4-49920-1896|B4-50388-1428|E5-50388-1428|B3-51848-1888|F#4-52312-876|B4-52312-900|F#3-52812-924|B4-53264-472|F#4-53276-460|E4-53760-1896|B4-54228-1428|E5-54228-1428|A3-55688-1888|E4-56152-876|A4-56152-900|E3-56652-924|A4-57104-472|E4-57116-460|E4-57596-1872|E5-58072-1816|B4-58084-1804|B3-59024-1912|E4-59500-1868|A#4-59976-8|E5-59984-1432|B4-59984-1432|B3-60960-456|A3-61448-1892|E4-61912-876|A4-61912-900|E3-62412-2324|A4-62864-856|E4-62876-864|A3-63384-1828|A4-63828-1428|E4-63836-1420|E3-64768-488|E4-65288-1892|B4-65752-876|E5-65752-900|B3-66252-2324|E5-66704-856|B4-66716-864|E4-67224-1828|E5-67668-1428|B4-67676-1420|B3-68608-488|B3-69120-1896|F#4-69588-1428|B4-69588-1428|A3-71036-1872|A4-71512-1424|E4-71524-1412|E3-72464-472|E4-72952-1448|E5-73396-1460|B4-73408-1448|B3-73944-412|D4-74388-412|B3-74888-1888|F#4-75352-876|B4-75352-900|F#3-75852-924|B4-76304-472
E4-76800-1896|B4-77268-1428|E5-77268-1428|A3-78720-1896|A4-79216-480|E4-79228-488|A4-80144-472|E4-80156-460|E4-80632-1904,E5-81096-900|B4-81108-876|B3-81636-1860|E5-82060-864|B4-82068-868|E4-82556-1852|E5-83012-896|B4-83024-884|B3-83528-888|E5-83972-412|B4-83984-412|A3-84472-1904|A4-84936-900|E4-84948-876|E3-85476-1860|A4-85900-864|E4-85908-868|A3-86396-1852|A4-86852-896|E4-86864-884|E3-87368-888|A4-87812-412|E4-87824-412|E4-88328-1892|B4-88792-876|E5-88792-900|B3-89292-2324|E5-89744-856|B4-89756-864|E4-90264-1828|E5-90708-1428|B4-90716-1420|B3-91648-488|B3-92160-1896|F#4-92628-1428|B4-92628-1428|A3-94080-1896|A4-94576-480|E4-94588-488|A4-95504-472|E4-95516-460|E4-95992-1448|E5-96436-1460|B4-96448-1448|B3-96984-412|D4-97428-412|B3-97912-1904|B4-98376-900|F#4-98388-876|F#3-98916-900|B4-99340-476|F#4-99348-468|E4-99832-1448|E5-100276-1460|B4-100288-1448|B3-100824-412|D4-101268-412|A3-101760-1896|A4-102256-480|E4-102268-488|A4-103184-472|E4-103196-460|E4-103680-1972|E5-104176-480|B4-104188-488|E5-105104-516|B4-105116-504|E5-106044-528|B4-106044-540|E5-107020-476|B4-107032-464|A3-107520-1972|A4-108016-480|E4-108028-488|A4-108944-516|E4-108956-504|A4-109884-528|E4-109884-540|A4-110860-476|E4-110872-464|E4-111356-1872|E5-111832-1816|B4-111844-1804|B3-112784-1912|E4-113260-1868|A#4-113736-8|E5-113744-1432|B4-113744-1432|B3-114720-456|B3-115200-1896|F#4-115668-1428|B4-115668-1428|A3-117128-1888|E4-117592-876|A4-117592-900|E3-118092-924|A4-118544-472|E4-118556-460|E4-119032-1448|E5-119476-1460
E3-62412-2324|A4-62864-856|E4-62876-864|A3-63384-1828|A4-63828-1428|E4-63836-1420|E3-64768-488|E4-65288-1892|B4-65752-876|E5-65752-900|B3-66252-2324|E5-66704-856|B4-66716-864|E4-67224-1828|E5-67668-1428|B4-67676-1420|B3-68608-488|B3-69120-1896|F#4-69588-1428,B4-69588-1428|A3-71036-1872|A4-71512-1424|E4-71524-1412|E3-72464-472|E4-72952-1448|E5-73396-1460|B4-73408-1448|B3-73944-412|D4-74388-412|B3-74888-1888|F#4-75352-876|B4-75352-900|F#3-75852-924|B4-76304-472|F#4-76316-460|E4-76800-1896|B4-77268-1428|E5-77268-1428|A3-78720-1896|A4-79216-480|E4-79228-488|A4-80144-472|E4-80156-460|E4-80632-1904|E5-81096-900|B4-81108-876|B3-81636-1860|E5-82060-864|B4-82068-868|E4-82556-1852|E5-83012-896|B4-83024-884|B3-83528-888|E5-83972-412|B4-83984-412|A3-84472-1904|A4-84936-900|E4-84948-876|E3-85476-1860|A4-85900-864|E4-85908-868|A3-86396-1852|A4-86852-896|E4-86864-884|E3-87368-888|A4-87812-412|E4-87824-412|E4-88328-1892|B4-88792-876|E5-88792-900|B3-89292-2324|E5-89744-856|B4-89756-864|E4-90264-1828|E5-90708-1428|B4-90716-1420|B3-91648-488|B3-92160-1896|F#4-92628-1428|B4-92628-1428|A3-94080-1896|A4-94576-480|E4-94588-488|A4-95504-472|E4-95516-460|E4-95992-1448|E5-96436-1460|B4-96448-1448|B3-96984-412|D4-97428-412|B3-97912-1904|B4-98376-900|F#4-98388-876|F#3-98916-900|B4-99340-476|F#4-99348-468|E4-99832-1448|E5-100276-1460|B4-100288-1448|B3-100824-412|D4-101268-412|A3-101760-1896|A4-102256-480|E4-102268-488|A4-103184-472|E4-103196-460|E4-103680-1972|E5-104176-480|B4-104188-488|E5-105104-516|B4-105116-504|E5-106044-528|B4-106044-540|E5-107020-476|B4-107032-464|A3-107520-1972|A4-108016-480|E4-108028-488|A4-108944-516
B4-20636-864|E4-21144-1828|E5-21588-1428|B4-21596-1420|B3-22528-488|B3-23040-1896|F#4-23508-1428|B4-23508-1428|A3-24960-1896|A4-25456-480|E4-25468-488|A4-26384-472|E4-26396-460|E4-26880-1896,B4-27348-1428|E5-27348-1428|B3-28796-1872|B4-29272-1424|F#4-29284-1412|F#3-30224-472|E4-30720-1896|B4-31188-1428|E5-31188-1428|A3-32640-1896|A4-33136-480|E4-33148-488|A4-34064-472|E4-34076-460|E4-34568-1892|B4-35032-876|E5-35032-900|B3-35532-2324|E5-35984-856|B4-35996-864|E4-36504-1828|E5-36948-1428|B4-36956-1420|B3-37888-488|A3-38408-1892|E4-38872-876|A4-38872-900|E3-39372-2324|A4-39824-856|E4-39836-864|A3-40344-1828|A4-40788-1428|E4-40796-1420|E3-41728-488|E4-42240-1972|E5-42736-480|B4-42748-488|E5-43664-516|B4-43676-504|E5-44604-528|B4-44604-540|E5-45580-476|B4-45592-464|B3-46080-1896|F#4-46548-1428|B4-46548-1428|A3-47992-1904|A4-48456-900|E4-48468-876|E3-48996-900|A4-49420-476|E4-49428-468|E4-49920-1896|B4-50388-1428|E5-50388-1428|B3-51848-1888|F#4-52312-876|B4-52312-900|F#3-52812-924|B4-53264-472|F#4-53276-460|E4-53760-1896|B4-54228-1428|E5-54228-1428|A3-55688-1888|E4-56152-876|A4-56152-900|E3-56652-924|A4-57104-472|E4-57116-460|E4-57596-1872|E5-58072-1816|B4-58084-1804|B3-59024-1912|E4-59500-1868|A#4-59976-8|E5-59984-1432|B4-59984-1432|B3-60960-456|A3-61448-1892|E4-61912-876|A4-61912-900|E3-62412-2324|A4-62864-856|E4-62876-864|A3-63384-1828|A4-63828-1428|E4-63836-1420|E3-64768-488|E4-65288-1892|B4-65752-876|E5-65752-900|B3-66252-2324|E5-66704-856|B4-66716-864|E4-67224-1828|E5-67668-1428|B4-67676-1420|B3-68608-488|B3-69120-1896
E5-35032-900|B3-35532-2324|E5-35984-856|B4-35996-864|E4-36504-1828|E5-36948-1428|B4-36956-1420|B3-37888-488|A3-38408-1892|E4-38872-876|A4-38872-900|E3-39372-2324|A4-39824-856|E4-39836-864,A3-40344-1828|A4-40788-1428|E4-40796-1420|E3-41728-488|E4-42240-1972|E5-42736-480|B4-42748-488|E5-43664-516|B4-43676-504|E5-44604-528|B4-44604-540|E5-45580-476|B4-45592-464|B3-46080-1896|F#4-46548-1428|B4-46548-1428|A3-47992-1904|A4-48456-900|E4-48468-876|E3-48996-900|A4-49420-476|E4-49428-468|E4-49920-1896|B4-50388-1428|E5-50388-1428|B3-51848-1888|F#4-52312-876|B4-52312-900|F#3-52812-924|B4-53264-472|F#4-53276-460|E4-53760-1896|B4-54228-1428|E5-54228-1428|A3-55688-1888|E4-56152-876|A4-56152-900|E3-56652-924|A4-57104-472|E4-57116-460|E4-57596-1872|E5-58072-1816|B4-58084-1804|B3-59024-1912|E4-59500-1868|A#4-59976-8|E5-59984-1432|B4-59984-1432|B3-60960-456|A3-61448-1892|E4-61912-876|A4-61912-900|E3-62412-2324|A4-62864-856|E4-62876-864|A3-63384-1828|A4-63828-1428|E4-63836-1420|E3-64768-488|E4-65288-1892|B4-65752-876|E5-65752-900|B3-66252-2324|E5-66704-856|B4-66716-864|E4-67224-1828|E5-67668-1428|B4-67676-1420|B3-68608-488|B3-69120-1896|F#4-69588-1428|B4-69588-1428|A3-71036-1872|A4-71512-1424|E4-71524-1412|E3-72464-472|E4-72952-1448|E5-73396-1460|B4-73408-1448|B3-73944-412|D4-74388-412|B3-74888-1888|F#4-75352-876|B4-75352-900|F#3-75852-924|B4-76304-472|F#4-76316-460|E4-76800-1896|B4-77268-1428|E5-77268-1428|A3-78720-1896|A4-79216-480|E4-79228-488|A4-80144-472|E4-80156-460|E4-80632-1904|E5-81096-900|B4-81108-876|B3-81636-1860|E5-82060-864
G3-16812-424|A3-17280-1436|E4-17760-808|A4-17760-1428|E4-18568-620|C4-18720-424|E4-19200-1400|E5-19680-960|B4-19680-960|B4-20640-940|E5-20640-960|E4-20640-1892|B4-21600-916|E5-21600-972|B4-22560-12|E4-22560-480|E5-22572-288|B4-22572-468|E5-22880-160|B3-23040-1452|F#4-23520-1440|B4-23520-1440|C#5-23520-1440|F#3-24320-136|A3-24480-12|A3-24492-424|A3-24960-1400|A4-25440-960|E4-25440-960|A4-26400-480|E4-26400-480,A3-26400-480|E4-26880-1400|E5-27360-960|B4-27360-960|E5-28320-480|B4-28320-480|E4-28320-480|B3-28800-1400|B4-29280-960|F#4-29280-960|B4-30240-480|F#4-30240-480|B3-30240-480|E4-30720-1452|B4-31200-1440|E5-31200-1440|F#5-31200-1440|B3-32000-136|D4-32160-12|D4-32172-424|A3-32640-1452|E4-33120-1440|A4-33120-1440|B4-33120-1440|E3-33920-136|G3-34080-12|G3-34092-424|E4-34560-1452|B4-35040-1860|E5-35040-1920|F#5-35040-3012|B3-35840-136|D4-36000-12|D4-36012-424|E4-36480-1436|B4-36960-808|E5-36960-1428|B4-37768-620|G4-37920-424|A3-38400-1920|E4-38880-960|B4-38880-964|A4-38880-964|E4-39840-964|A4-39844-956|A3-40800-1016|E4-40804-1436|A4-40804-1436|E3-41600-160|G3-41760-56|A3-41816-424|G3-41816-424|E4-42240-1920|B4-42720-960|F#5-42720-964|E5-42720-964|B4-43680-964|E5-43684-956|E4-44640-1016|B4-44644-1436|E5-44644-1436|B3-45440-160|D4-45600-56|E4-45656-424|D4-45656-424|B3-46080-1452|F#4-46560-1440|B4-46560-1440|C#5-46560-1440|F#3-47360-136|A3-47520-12|A3-47532-424|A3-48000-1400|A4-48480-960|E4-48480-960|A4-49440-480|E4-49440-480|A3-49440-480|E4-49920-1400|E5-50400-960|B4-50400-960|E5-51360-480|B4-51360-480|E4-51360-480|B3-51840-1920|F#4-52320-960|C#5-52320-964|B4-52320-964|F#4-53280-480|B4-53284-476|E4-53760-1920|B4-54240-960|F#5-54240-964|E5-54240-964|B4-55200-480|E5-55204-476|A3-55680-1920|E4-56160-960|B4-56160-964|A4-56160-964
B4-15840-3012|E3-16640-136|G3-16800-12|G3-16812-424|A3-17280-1436|E4-17760-808|A4-17760-1428|E4-18568-620|C4-18720-424|E4-19200-1400|E5-19680-960|B4-19680-960|B4-20640-940,E5-20640-960|E4-20640-1892|B4-21600-916|E5-21600-972|B4-22560-12|E4-22560-480|E5-22572-288|B4-22572-468|E5-22880-160|B3-23040-1452|F#4-23520-1440|B4-23520-1440|C#5-23520-1440|F#3-24320-136|A3-24480-12|A3-24492-424|A3-24960-1400|A4-25440-960|E4-25440-960|A4-26400-480|E4-26400-480|A3-26400-480|E4-26880-1400|E5-27360-960|B4-27360-960|E5-28320-480|B4-28320-480|E4-28320-480|B3-28800-1400|B4-29280-960|F#4-29280-960|B4-30240-480|F#4-30240-480|B3-30240-480|E4-30720-1452|B4-31200-1440|E5-31200-1440|F#5-31200-1440|B3-32000-136|D4-32160-12|D4-32172-424|A3-32640-1452|E4-33120-1440|A4-33120-1440|B4-33120-1440|E3-33920-136|G3-34080-12|G3-34092-424|E4-34560-1452|B4-35040-1860|E5-35040-1920|F#5-35040-3012|B3-35840-136|D4-36000-12|D4-36012-424|E4-36480-1436|B4-36960-808|E5-36960-1428|B4-37768-620|G4-37920-424|A3-38400-1920|E4-38880-960|B4-38880-964|A4-38880-964|E4-39840-964|A4-39844-956|A3-40800-1016|E4-40804-1436|A4-40804-1436|E3-41600-160|G3-41760-56|A3-41816-424|G3-41816-424|E4-42240-1920|B4-42720-960|F#5-42720-964|E5-42720-964|B4-43680-964|E5-43684-956|E4-44640-1016|B4-44644-1436|E5-44644-1436|B3-45440-160|D4-45600-56|E4-45656-424|D4-45656-424|B3-46080-1452|F#4-46560-1440|B4-46560-1440|C#5-46560-1440|F#3-47360-136|A3-47520-12|A3-47532-424|A3-48000-1400|A4-48480-960|E4-48480-960|A4-49440-480|E4-49440-480|A3-49440-480|E4-49920-1400
E4-103200-480|A3-103200-480|E4-103680-1452|B4-104160-1860|E5-104160-1920|F#5-104160-3012|B3-104960-136|D4-105120-12|D4-105132-424|E4-105600-1436|B4-106080-808|E5-106080-1428|B4-106888-620|G4-107040-424|A3-107520-1452|E4-108000-1860|A4-108000-1920|B4-108000-3012|E3-108800-136|G3-108960-12|G3-108972-424|A3-109440-1436|E4-109920-808|A4-109920-1428|E4-110728-620|C4-110880-424,E4-111360-1452|B4-111840-1860|E5-111840-1920|F#5-111840-3012|B3-112640-136|D4-112800-12|D4-112812-424|E4-113280-1436|B4-113760-808|E5-113760-1428|B4-114568-620|G4-114720-424|B3-115200-1400|B4-115680-960|F#4-115680-960|B4-116640-480|F#4-116640-480|B3-116640-480|A3-117120-1920|E4-117600-960|B4-117600-964|A4-117600-964|E4-118560-480|A4-118564-476|E4-119040-1452|B4-119520-1440|E5-119520-1440|F#5-119520-1440|B3-120320-136|D4-120480-12|D4-120492-424|B3-120960-1452|F#4-121440-1440|B4-121440-1440|C#5-121440-1440|F#3-122240-136|A3-122400-12|A3-122412-424|E4-122880-1452|B4-123360-1440|E5-123360-1440|F#5-123360-1440|B3-124160-136|D4-124320-12|D4-124332-424|A3-124800-1452|E4-125280-1440|A4-125280-1440|B4-125280-1440|E3-126080-136|G3-126240-12|G3-126252-424|E4-126720-1920|B4-127200-960|F#5-127200-964|E5-127200-964|B4-128160-964|E5-128164-956|E4-129120-1016|B4-129124-1436|E5-129124-1436|B3-129920-160|D4-130080-56|E4-130136-424|D4-130136-424|A3-130560-1400|A4-131040-960|E4-131040-960|A4-132000-480|E4-132000-480|A3-132000-480|A3-132480-1920|E4-132960-960|B4-132960-964|A4-132960-964|E4-133920-480|A4-133924-476|E4-134400-1452|B4-134880-1860|E5-134880-1920|F#5-134880-3012|B3-135680-136|D4-135840-12|D4-135852-424|E4-136320-1436|B4-136800-808|E5-136800-1428|B4-137608-620|G4-137760-424|B3-138240-1920|F#4-138720-960|C#5-138720-964|B4-138720-964|F#4-139680-480|B4-139684-476|A3-140160-1452|E4-140640-1440|A4-140640-1440|B4-140640-1440|E3-141440-136
E5-60004-1436|B3-60800-160|D4-60960-56|E4-61016-424|D4-61016-424|A3-61440-1400|A4-61920-960|E4-61920-960|E4-62880-940|A4-62880-960|A3-62880-1892|E4-63840-916|A4-63840-972|E4-64800-12|A3-64800-480|A4-64812-288|E4-64812-468|A4-65120-160,E4-65280-1452|B4-65760-1860|E5-65760-1920|F#5-65760-3012|B3-66560-136|D4-66720-12|D4-66732-424|E4-67200-1436|B4-67680-808|E5-67680-1428|B4-68488-620|G4-68640-424|B3-69120-1400|B4-69600-960|F#4-69600-960|B4-70560-480|F#4-70560-480|B3-70560-480|A3-71040-1452|E4-71520-1440|A4-71520-1440|B4-71520-1440|E3-72320-136|G3-72480-12|G3-72492-424|E4-72960-1400|E5-73440-960|B4-73440-960|E5-74400-480|B4-74400-480|E4-74400-480|B3-74880-1920|F#4-75360-960|C#5-75360-964|B4-75360-964|F#4-76320-480|B4-76324-476|E4-76800-1920|B4-77280-960|F#5-77280-964|E5-77280-964|B4-78240-480|E5-78244-476|A3-78720-1920|E4-79200-960|B4-79200-964|A4-79200-964|E4-80160-480|A4-80164-476|E4-80640-1400|E5-81120-960|B4-81120-960|B4-82080-940|E5-82080-960|E4-82080-1892|B4-83040-916|E5-83040-972|B4-84000-12|E4-84000-480|E5-84012-288|B4-84012-468|E5-84320-160|A3-84480-1920|E4-84960-960|B4-84960-964|A4-84960-964|E4-85920-964|A4-85924-956|A3-86880-1016|E4-86884-1436|A4-86884-1436|E3-87680-160|G3-87840-56|A3-87896-424|G3-87896-424|E4-88320-1452|B4-88800-1860|E5-88800-1920|F#5-88800-3012|B3-89600-136|D4-89760-12|D4-89772-424|E4-90240-1436|B4-90720-808|E5-90720-1428|B4-91528-620|G4-91680-424|B3-92160-1400|B4-92640-960|F#4-92640-960|B4-93600-480|F#4-93600-480|B3-93600-480|A3-94080-1920|E4-94560-960|B4-94560-964|A4-94560-964|E4-95520-480|A4-95524-476|E4-96000-1452
A4-26400-480|E4-26400-480|A3-26400-480|E4-26880-1400|E5-27360-960|B4-27360-960|E5-28320-480|B4-28320-480|E4-28320-480|B3-28800-1400|B4-29280-960,F#4-29280-960|B4-30240-480|F#4-30240-480|B3-30240-480|E4-30720-1452|B4-31200-1440|E5-31200-1440|F#5-31200-1440|B3-32000-136|D4-32160-12|D4-32172-424|A3-32640-1452|E4-33120-1440|A4-33120-1440|B4-33120-1440|E3-33920-136|G3-34080-12|G3-34092-424|E4-34560-1452|B4-35040-1860|E5-35040-1920|F#5-35040-3012|B3-35840-136|D4-36000-12|D4-36012-424|E4-36480-1436|B4-36960-808|E5-36960-1428|B4-37768-620|G4-37920-424|A3-38400-1920|E4-38880-960|B4-38880-964|A4-38880-964|E4-39840-964|A4-39844-956|A3-40800-1016|E4-40804-1436|A4-40804-1436|E3-41600-160|G3-41760-56|A3-41816-424|G3-41816-424|E4-42240-1920|B4-42720-960|F#5-42720-964|E5-42720-964|B4-43680-964|E5-43684-956|E4-44640-1016|B4-44644-1436|E5-44644-1436|B3-45440-160|D4-45600-56|E4-45656-424|D4-45656-424|B3-46080-1452|F#4-46560-1440|B4-46560-1440|C#5-46560-1440|F#3-47360-136|A3-47520-12|A3-47532-424|A3-48000-1400|A4-48480-960|E4-48480-960|A4-49440-480|E4-49440-480|A3-49440-480|E4-49920-1400|E5-50400-960|B4-50400-960|E5-51360-480|B4-51360-480|E4-51360-480|B3-51840-1920|F#4-52320-960|C#5-52320-964|B4-52320-964|F#4-53280-480|B4-53284-476|E4-53760-1920|B4-54240-960|F#5-54240-964|E5-54240-964|B4-55200-480|E5-55204-476|A3-55680-1920|E4-56160-960|B4-56160-964|A4-56160-964|E4-57120-480|A4-57124-476|E4-57600-1920|B4-58080-960|F#5-58080-964|E5-58080-964|B4-59040-964|E5-59044-956|E4-60000-1016
B2-27852-484|C#3-28356-168|B2-28800-572|F#2-29760-496|E3-30720-560|B2-31680-572|A2-32640-592|E2-33600-572|E3-34560-592|B2-35520-572|E3-36480-560|B2-37440-560|A2-38400-592|E2-39360-572|A2-40320-560|E2-41280-560|E3-42240-572|B2-43200-496|E3-44160-604|B2-45120-536|B2-46080-560|F#2-47040-572|A2-48000-592,E2-48960-572|E3-49920-616|B2-50892-484|C#3-51396-168|B2-51840-572|F#2-52800-496|E3-53760-560|B2-54720-572|A2-55680-572|E2-56640-496|E3-57600-572|B2-58560-496|E3-59520-604|B2-60480-536|A2-61440-592|E2-62400-572|A2-63360-560|E2-64320-560|E3-65280-592|B2-66240-572|E3-67200-560|B2-68160-560|B2-69120-560|F#2-70080-572|A2-71040-572|E2-72000-496|E3-72960-616|B2-73932-484|C#3-74436-168|B2-74880-572|F#2-75840-496|E3-76800-560|B2-77760-572|A2-78720-592|E2-79680-572|E3-80640-592|B2-81600-572|E3-82560-560|B2-83520-560|A2-84480-572|E2-85440-496|A2-86400-604|E2-87360-536|E3-88320-572|B2-89280-496|E3-90240-604|B2-91200-536|B2-92160-560|F#2-93120-572|A2-94080-592|E2-95040-572|E3-96000-616|B2-96972-484|C#3-97476-168|B2-97920-592|F#2-98880-572|E3-99840-560|B2-100800-572|A2-101760-592|E2-102720-572|E3-103680-592|B2-104640-572|E3-105600-560|B2-106560-560|A2-107520-592|E2-108480-572|A2-109440-560|E2-110400-560|E3-111360-572|B2-112320-496|E3-113280-604|B2-114240-536|B2-115200-560|F#2-116160-572|A2-117120-592|E2-118080-572|E3-119040-616|B2-120012-484|C#3-120516-168|B2-120960-572|F#2-121920-496|E3-122880-560|B2-123840-572|A2-124800-592|E2-125760-572|E3-126720-572|B2-127680-496|E3-128640-604|B2-129600-536|A2-130560-560|E2-131520-572|A2-132480-592|E2-133440-572|E3-134400-592|B2-135360-572|E3-136320-560|B2-137280-560|B2-138240-560|F#2-139200-572|A2-140160-592
B2-4800-572|E3-5760-572|B2-6720-592|E3-7680-560|B2-8640-572|A2-9600-572|E2-10560-496|E3-11520-592|B2-12480-572,E3-13440-560|B2-14400-560|A2-15360-592|E2-16320-572|A2-17280-560|E2-18240-560|E3-19200-572|B2-20160-496|E3-21120-604|B2-22080-536|B2-23040-560|F#2-24000-572|A2-24960-572|E2-25920-496|E3-26880-616|B2-27852-484|C#3-28356-168|B2-28800-572|F#2-29760-496|E3-30720-560|B2-31680-572|A2-32640-592|E2-33600-572|E3-34560-592|B2-35520-572|E3-36480-560|B2-37440-560|A2-38400-592|E2-39360-572|A2-40320-560|E2-41280-560|E3-42240-572|B2-43200-496|E3-44160-604|B2-45120-536|B2-46080-560|F#2-47040-572|A2-48000-592|E2-48960-572|E3-49920-616|B2-50892-484|C#3-51396-168|B2-51840-572|F#2-52800-496|E3-53760-560|B2-54720-572|A2-55680-572|E2-56640-496|E3-57600-572|B2-58560-496|E3-59520-604|B2-60480-536|A2-61440-592|E2-62400-572|A2-63360-560|E2-64320-560|E3-65280-592|B2-66240-572|E3-67200-560|B2-68160-560|B2-69120-560|F#2-70080-572|A2-71040-572|E2-72000-496|E3-72960-616|B2-73932-484|C#3-74436-168|B2-74880-572|F#2-75840-496|E3-76800-560|B2-77760-572|A2-78720-592|E2-79680-572|E3-80640-592|B2-81600-572|E3-82560-560|B2-83520-560|A2-84480-572|E2-85440-496|A2-86400-604|E2-87360-536|E3-88320-572|B2-89280-496|E3-90240-604|B2-91200-536|B2-92160-560|F#2-93120-572|A2-94080-592|E2-95040-572|E3-96000-616|B2-96972-484|C#3-97476-168|B2-97920-592|F#2-98880-572|E3-99840-560|B2-100800-572|A2-101760-592|E2-102720-572|E3-103680-592|B2-104640-572
B2-20160-496|E3-21120-604|B2-22080-536|B2-23040-560|F#2-24000-572|A2-24960-572|E2-25920-496|E3-26880-616|B2-27852-484|C#3-28356-168|B2-28800-572|F#2-29760-496|E3-30720-560|B2-31680-572|A2-32640-592|E2-33600-572|E3-34560-592|B2-35520-572|E3-36480-560|B2-37440-560|A2-38400-592|E2-39360-572|A2-40320-560|E2-41280-560|E3-42240-572|B2-43200-496|E3-44160-604|B2-45120-536,B2-46080-560|F#2-47040-572|A2-48000-592|E2-48960-572|E3-49920-616|B2-50892-484|C#3-51396-168|B2-51840-572|F#2-52800-496|E3-53760-560|B2-54720-572|A2-55680-572|E2-56640-496|E3-57600-572|B2-58560-496|E3-59520-604|B2-60480-536|A2-61440-592|E2-62400-572|A2-63360-560|E2-64320-560|E3-65280-592|B2-66240-572|E3-67200-560|B2-68160-560|B2-69120-560|F#2-70080-572|A2-71040-572|E2-72000-496|E3-72960-616|B2-73932-484|C#3-74436-168|B2-74880-572|F#2-75840-496|E3-76800-560|B2-77760-572|A2-78720-592|E2-79680-572|E3-80640-592|B2-81600-572|E3-82560-560|B2-83520-560|A2-84480-572|E2-85440-496|A2-86400-604|E2-87360-536|E3-88320-572|B2-89280-496|E3-90240-604|B2-91200-536|B2-92160-560|F#2-93120-572|A2-94080-592|E2-95040-572|E3-96000-616|B2-96972-484|C#3-97476-168|B2-97920-592|F#2-98880-572|E3-99840-560|B2-100800-572|A2-101760-592|E2-102720-572|E3-103680-592|B2-104640-572|E3-105600-560|B2-106560-560|A2-107520-592|E2-108480-572|A2-109440-560|E2-110400-560|E3-111360-572|B2-112320-496|E3-113280-604|B2-114240-536|B2-115200-560|F#2-116160-572|A2-117120-592|E2-118080-572|E3-119040-616|B2-120012-484|C#3-120516-168|B2-120960-572|F#2-121920-496|E3-122880-560|B2-123840-572|A2-124800-592|E2-125760-572|E3-126720-572|B2-127680-496|E3-128640-604|B2-129600-536|A2-130560-560|E2-131520-572|A2-132480-592|E2-133440-572|E3-134400-592|B2-135360-572|E3-136320-560|B2-137280-560
B2-22080-536|B2-23040-560|F#2-24000-572|A2-24960-572|E2-25920-496|E3-26880-616|B2-27852-484|C#3-28356-168|B2-28800-572|F#2-29760-496|E3-30720-560|B2-31680-572,A2-32640-592|E2-33600-572|E3-34560-592|B2-35520-572|E3-36480-560|B2-37440-560|A2-38400-592|E2-39360-572|A2-40320-560|E2-41280-560|E3-42240-572|B2-43200-496|E3-44160-604|B2-45120-536|B2-46080-560|F#2-47040-572|A2-48000-592|E2-48960-572|E3-49920-616|B2-50892-484|C#3-51396-168|B2-51840-572|F#2-52800-496|E3-53760-560|B2-54720-572|A2-55680-572|E2-56640-496|E3-57600-572|B2-58560-496|E3-59520-604|B2-60480-536|A2-61440-592|E2-62400-572|A2-63360-560|E2-64320-560|E3-65280-592|B2-66240-572|E3-67200-560|B2-68160-560|B2-69120-560|F#2-70080-572|A2-71040-572|E2-72000-496|E3-72960-616|B2-73932-484|C#3-74436-168|B2-74880-572|F#2-75840-496|E3-76800-560|B2-77760-572|A2-78720-592|E2-79680-572|E3-80640-592|B2-81600-572|E3-82560-560|B2-83520-560|A2-84480-572|E2-85440-496|A2-86400-604|E2-87360-536|E3-88320-572|B2-89280-496|E3-90240-604|B2-91200-536|B2-92160-560|F#2-93120-572|A2-94080-592|E2-95040-572|E3-96000-616|B2-96972-484|C#3-97476-168|B2-97920-592|F#2-98880-572|E3-99840-560|B2-100800-572|A2-101760-592|E2-102720-572|E3-103680-592|B2-104640-572|E3-105600-560|B2-106560-560|A2-107520-592|E2-108480-572|A2-109440-560|E2-110400-560|E3-111360-572|B2-112320-496|E3-113280-604|B2-114240-536|B2-115200-560|F#2-116160-572|A2-117120-592|E2-118080-572|E3-119040-616|B2-120012-484|C#3-120516-168|B2-120960-572|F#2-121920-496|E3-122880-560|B2-123840-572
B2-4800-572|E3-5760-572|B2-6720-592|E3-7680-560|B2-8640-572|A2-9600-572|E2-10560-496|E3-11520-592|B2-12480-572|E3-13440-560|B2-14400-560|A2-15360-592|E2-16320-572|A2-17280-560|E2-18240-560,E3-19200-572|B2-20160-496|E3-21120-604|B2-22080-536|B2-23040-560|F#2-24000-572|A2-24960-572|E2-25920-496|E3-26880-616|B2-27852-484|C#3-28356-168|B2-28800-572|F#2-29760-496|E3-30720-560|B2-31680-572|A2-32640-592|E2-33600-572|E3-34560-592|B2-35520-572|E3-36480-560|B2-37440-560|A2-38400-592|E2-39360-572|A2-40320-560|E2-41280-560|E3-42240-572|B2-43200-496|E3-44160-604|B2-45120-536|B2-46080-560|F#2-47040-572|A2-48000-592|E2-48960-572|E3-49920-616|B2-50892-484|C#3-51396-168|B2-51840-572|F#2-52800-496|E3-53760-560|B2-54720-572|A2-55680-572|E2-56640-496|E3-57600-572|B2-58560-496|E3-59520-604|B2-60480-536|A2-61440-592|E2-62400-572|A2-63360-560|E2-64320-560|E3-65280-592|B2-66240-572|E3-67200-560|B2-68160-560|B2-69120-560|F#2-70080-572|A2-71040-572|E2-72000-496|E3-72960-616|B2-73932-484|C#3-74436-168|B2-74880-572|F#2-75840-496|E3-76800-560|B2-77760-572|A2-78720-592|E2-79680-572|E3-80640-592|B2-81600-572|E3-82560-560|B2-83520-560|A2-84480-572|E2-85440-496|A2-86400-604|E2-87360-536|E3-88320-572|B2-89280-496|E3-90240-604|B2-91200-536|B2-92160-560|F#2-93120-572|A2-94080-592|E2-95040-572|E3-96000-616|B2-96972-484|C#3-97476-168|B2-97920-592|F#2-98880-572|E3-99840-560|B2-100800-572|A2-101760-592|E2-102720-572|E3-103680-592|B2-104640-572|E3-105600-560|B2-106560-560|A2-107520-592|E2-108480-572|A2-109440-560|E2-110400-560
D3-44640-100|F#3-44960-100|F#3-45120-100|B2-45120-100|F#3-45600-100|D3-45600-100|F#3-46080-100|B2-46080-100|F#3-46400-100|F#3-46560-100|D3-46560-100|A#3-46880-100|F#3-47040-100|B2-47040-100|F#3-47360-100|F#3-47520-100|D3-47520-100|F#3-47840-100|F#3-48000-100|B2-48000-100,F#3-48320-100|F#3-48480-100|D3-48480-100|F#3-48800-100|F#3-48960-100|B2-48960-100|F#3-49280-100|F#3-49440-100|D3-49440-100|F#3-49760-100|F#3-49920-100|B2-49920-100|F#3-50240-100|F#3-50400-100|D3-50400-100|F#3-50720-100|F#3-50880-100|B2-50880-100|F#3-51200-100|F#3-51360-100|D3-51360-100|F#3-51680-100|B2-51840-100|F#3-52160-100|F#4-52320-100|F#3-52320-100|D3-52320-100|B2-52640-100|F#3-52800-100|A3-53120-100|B2-53120-100|F#4-53280-100|A3-53280-100|D3-53280-100|D3-53600-100|C#4-53760-100|F#3-53760-100|B2-53760-100|F#3-54080-100|F#3-54240-100|D3-54240-100|F#3-54560-100|F#3-54720-100|B2-54720-100|F#3-55040-100|F#3-55200-100|D3-55200-100|F#3-55520-100|F#3-55680-100|B2-55680-100|F#3-56000-100|F#3-56160-100|D3-56160-100|F#3-56480-100|F#3-56640-100|B2-56640-100|F#3-56960-100|F#3-57120-100|D3-57120-100|F#3-57440-100|F#3-57600-100|B2-57600-100|F#3-57920-100|F#3-58080-100|D3-58080-100|F#3-58400-100|F#3-58560-100|B2-58560-100|F#3-58880-100|F#3-59040-100|D3-59040-100|F#3-59360-100|F#3-59520-100|B2-59520-100|F#3-59840-100|F#3-60000-100|D3-60000-100|F#3-60320-100|F#3-60480-100|B2-60480-100|F#3-60800-100|F#3-60960-100|D3-60960-100|F#3-61280-100|F#3-61440-100|B2-61440-100|F#3-61760-100|F#3-61920-100|D3-61920-100|F#3-62240-100|F#3-62400-100|B2-62400-100|F#3-62720-100|F#3-62880-100|D3-62880-100|F#3-63200-100|F#3-63360-100|B2-63360-100|F#3-63680-100|F#3-63840-100
C#4-122880-100|F#3-122880-100|B2-122880-100|F#3-123200-100|F#3-123360-100|D3-123360-100|F#3-123680-100|F#3-123840-100,B2-123840-100|F#3-124160-100|F#3-124320-100|D3-124320-100|F#3-124640-100|F#3-124800-100|B2-124800-100|F#3-125120-100|F#3-125280-100|D3-125280-100|F#3-125600-100|F#3-125760-100|B2-125760-100|F#3-126080-100|F#3-126240-100|D3-126240-100|F#3-126560-100|F#3-126720-100|B2-126720-100|F#3-127040-100|F#3-127200-100|D3-127200-100|F#3-127520-100|F#3-127680-100|B2-127680-100|F#3-128000-100|F#3-128160-100|D3-128160-100|F#3-128480-100|F#3-128640-100|B2-128640-100|F#3-128960-100|F#3-129120-100|D3-129120-100|F#3-129440-100|F#3-129600-100|B2-129600-100|F#3-129920-100|F#3-130080-100|D3-130080-100|F#3-130400-100|F#3-130560-100|B2-130560-100|F#3-130880-100|F#3-131040-100|D3-131040-100|F#3-131360-100|F#3-131520-100|B2-131520-100|F#3-131840-100|F#3-132000-100|D3-132000-100|F#3-132320-100|F#3-132480-100|B2-132480-100|F#3-132800-100|F#3-132960-100|D3-132960-100|F#3-133280-100|B2-133280-100|F#3-133440-100|F#3-133760-100|B2-133760-100|F#3-133920-100|D3-133920-100|F#3-134240-100|F#3-134400-100|B2-134400-100|F#3-134720-100|F#3-134880-100|D3-134880-100|F#3-135200-100|F#3-135360-100|B2-135360-100|F#3-135680-100|F#3-135840-100|D3-135840-100|F#3-136160-100|F#3-136320-100|B2-136320-100|F#3-136640-100|F#3-136800-100|D3-136800-100|F#3-137120-100|F#3-137280-100|B2-137280-100|F#3-137760-100|D3-137760-100|F#3-138240-100|B2-138240-100|F#3-138560-100|F#3-138720-100|D3-138720-100|F#3-139040-100|F#3-139200-100|B2-139200-100|F#3-139520-100|F#3-139680-100|D3-139680-100|F#3-140000-100
F#3-25440-100|D3-25440-100|F#3-25760-100|F#3-25920-100|B2-25920-100|F#3-26240-100|F#3-26400-100|D3-26400-100|F#3-26720-100|F#3-26880-100|B2-26880-100|F#3-27200-100|F#3-27360-100|D3-27360-100|A#3-27680-100|F#3-27840-100|B2-27840-100|F#3-28160-100|F#3-28320-100|D3-28320-100,F#3-28640-100|F#4-28800-100|F#3-28800-100|B2-28800-100|F#3-29120-100|F#4-29280-100|F#3-29280-100|D3-29280-100|F#3-29600-100|B2-29600-100|F#3-29760-100|A3-30080-100|F#3-30080-100|B2-30080-100|F#4-30240-100|F3-30240-100|F#3-30240-100|D3-30240-100|F#3-30560-100|D3-30560-100|C#4-30720-100|F#3-30720-100|B2-30720-100|F#3-31040-100|F#3-31200-100|D3-31200-100|F#3-31520-100|F#3-31680-100|B2-31680-100|F#3-32000-100|F#3-32160-100|D3-32160-100|F#3-32480-100|F#3-32640-100|B2-32640-100|F#3-32960-100|F#3-33120-100|D3-33120-100|F#3-33440-100|F#3-33600-100|B2-33600-100|F#3-33920-100|F#3-34080-100|D3-34080-100|F#3-34400-100|F#3-34560-100|B2-34560-100|F#3-34880-100|F#3-35040-100|D3-35040-100|F#3-35360-100|F#3-35520-100|B2-35520-100|F#3-35840-100|F#3-36000-100|D3-36000-100|F#3-36320-100|F#3-36480-100|B2-36480-100|A#3-36800-100|F#3-36960-100|D3-36960-100|F#3-37280-100|B2-37280-100|F#3-37440-100|F#3-37760-100|B2-37760-100|F#3-37920-100|D3-37920-100|F#3-38240-100|F#3-38400-100|B2-38400-100|F#3-38720-100|F#3-38880-100|D3-38880-100|F#3-39200-100|F#3-39360-100|B2-39360-100|F#3-39680-100|F#3-39840-100|D3-39840-100|F#3-40160-100|F#3-40320-100|B2-40320-100|F#3-40640-100|F#3-40800-100|D3-40800-100|F#3-41120-100|B2-41120-100|F#3-41280-100|F#3-41600-100|B2-41600-100|F#3-41760-100|D3-41760-100|F#3-42080-100|F#3-42240-100|B2-42240-100|F#3-42560-100|F#3-42720-100|D3-42720-100
D3-54240-100|F#3-54560-100|F#3-54720-100|B2-54720-100|F#3-55040-100|F#3-55200-100|D3-55200-100|F#3-55520-100|F#3-55680-100|B2-55680-100|F#3-56000-100|F#3-56160-100|D3-56160-100|F#3-56480-100|F#3-56640-100|B2-56640-100|F#3-56960-100|F#3-57120-100|D3-57120-100|F#3-57440-100|F#3-57600-100|B2-57600-100|F#3-57920-100|F#3-58080-100|D3-58080-100|F#3-58400-100|F#3-58560-100|B2-58560-100,F#3-58880-100|F#3-59040-100|D3-59040-100|F#3-59360-100|F#3-59520-100|B2-59520-100|F#3-59840-100|F#3-60000-100|D3-60000-100|F#3-60320-100|F#3-60480-100|B2-60480-100|F#3-60800-100|F#3-60960-100|D3-60960-100|F#3-61280-100|F#3-61440-100|B2-61440-100|F#3-61760-100|F#3-61920-100|D3-61920-100|F#3-62240-100|F#3-62400-100|B2-62400-100|F#3-62720-100|F#3-62880-100|D3-62880-100|F#3-63200-100|F#3-63360-100|B2-63360-100|F#3-63680-100|F#3-63840-100|D3-63840-100|F#3-64160-100|B2-64160-100|F#3-64320-100|A#3-64640-100|B2-64640-100|F#3-64800-100|D3-64800-100|F#3-65120-100|F#3-65280-100|B2-65280-100|F#3-65600-100|F#3-65760-100|D3-65760-100|F#3-66080-100|F#3-66240-100|B2-66240-100|F#3-66560-100|F#3-66720-100|D3-66720-100|F#3-67040-100|F#3-67200-100|B2-67200-100|A#3-67520-100|F#3-67680-100|D3-67680-100|F#3-68000-100|B2-68000-100|F#3-68160-100|A#3-68480-100|B2-68480-100|F#3-68640-100|D3-68640-100|A#3-68960-100|F#3-69120-100|B2-69120-100|F#3-69440-100|F#3-69600-100|D3-69600-100|F#3-69920-100|F#3-70080-100|B2-70080-100|F#3-70400-100|F#3-70560-100|D3-70560-100|F#3-70880-100|F#3-71040-100|B2-71040-100|F#3-71360-100|F#3-71520-100|D3-71520-100|F#3-71840-100|F#3-72000-100|B2-72000-100|F#3-72320-100|F#3-72480-100|D3-72480-100|F#3-72800-100|F#3-72960-100|B2-72960-100|F#3-73280-100|F#3-73440-100|D3-73440-100|F#3-73760-100|F#3-73920-100|B2-73920-100|F#3-74240-100|F#3-74400-100
F#3-57120-100|D3-57120-100|F#3-57440-100|F#3-57600-100|B2-57600-100|F#3-57920-100|F#3-58080-100|D3-58080-100|F#3-58400-100|F#3-58560-100|B2-58560-100|F#3-58880-100|F#3-59040-100|D3-59040-100|F#3-59360-100|F#3-59520-100|B2-59520-100|F#3-59840-100|F#3-60000-100|D3-60000-100|F#3-60320-100|F#3-60480-100|B2-60480-100,F#3-60800-100|F#3-60960-100|D3-60960-100|F#3-61280-100|F#3-61440-100|B2-61440-100|F#3-61760-100|F#3-61920-100|D3-61920-100|F#3-62240-100|F#3-62400-100|B2-62400-100|F#3-62720-100|F#3-62880-100|D3-62880-100|F#3-63200-100|F#3-63360-100|B2-63360-100|F#3-63680-100|F#3-63840-100|D3-63840-100|F#3-64160-100|B2-64160-100|F#3-64320-100|A#3-64640-100|B2-64640-100|F#3-64800-100|D3-64800-100|F#3-65120-100|F#3-65280-100|B2-65280-100|F#3-65600-100|F#3-65760-100|D3-65760-100|F#3-66080-100|F#3-66240-100|B2-66240-100|F#3-66560-100|F#3-66720-100|D3-66720-100|F#3-67040-100|F#3-67200-100|B2-67200-100|A#3-67520-100|F#3-67680-100|D3-67680-100|F#3-68000-100|B2-68000-100|F#3-68160-100|A#3-68480-100|B2-68480-100|F#3-68640-100|D3-68640-100|A#3-68960-100|F#3-69120-100|B2-69120-100|F#3-69440-100|F#3-69600-100|D3-69600-100|F#3-69920-100|F#3-70080-100|B2-70080-100|F#3-70400-100|F#3-70560-100|D3-70560-100|F#3-70880-100|F#3-71040-100|B2-71040-100|F#3-71360-100|F#3-71520-100|D3-71520-100|F#3-71840-100|F#3-72000-100|B2-72000-100|F#3-72320-100|F#3-72480-100|D3-72480-100|F#3-72800-100|F#3-72960-100|B2-72960-100|F#3-73280-100|F#3-73440-100|D3-73440-100|F#3-73760-100|F#3-73920-100|B2-73920-100|F#3-74240-100|F#3-74400-100|D3-74400-100|F#3-74720-100|B2-74880-100|F#3-75200-100|F#4-75360-100|F#3-75360-100|D3-75360-100|B2-75680-100|F#3-75840-100|A3-76160-100|B2-76160-100|F#4-76320-100
